experiment_label,solver,tolerance,memory,instance_name,termination_reason,iteration_count,solve_time_sec,cumulative_kkt_matrix_passes,primal_objective,dual_objective,relative_optimality_gap,l2_primal_residual,l_inf_primal_residual,l2_dual_residual,l_inf_dual_residual,relative_l2_primal_residual,relative_l_inf_primal_residual,relative_l2_dual_residual,relative_l_inf_dual_residual,l_inf_primal_variable,l2_primal_variable,l_inf_dual_variable
"+step_size,1e-4,1",+step_size,1e-4,1,nug08-3rd,TERMINATION_REASON_OPTIMAL,560,6.033707913,623.5000013058728,213.9795142378793,214.00735770277402,6.490516777065234e-5,0.0003208083686190437,5.859104002514659e-5,0.001648307953140804,0.00012520157519402275,6.416167372380874e-5,2.9295520012573295e-5,2.0455601082690033e-6,5.804046532288552e-6,0.24998536523276974,4.795384136307388,25.82541091411798
"+step_size,1e-4,3",+step_size,1e-4,3,nug08-3rd,TERMINATION_REASON_ITERATION_LIMIT,5000,19.391653609,5398.500034083937,305.8874200392848,-95307.46382725523,0.9999895413189865,0.02382845240772647,0.00023441530860202064,119433.40739745276,6752.57127322077,0.0047656904815452945,0.00011720765430101032,148.21757870023444,313.03310538731455,0.1266571143591032,1.2905130019231523,302519.8894166967
"+step_size,1e-4,5",+step_size,1e-4,5,nug08-3rd,TERMINATION_REASON_OPTIMAL,1920,9.918856409,2085.5000212403525,213.98891631458443,214.00394931681603,3.5042546009426536e-5,0.0001698060591076423,3.6997865830001864e-5,0.0008752464858600209,6.842898216063986e-5,3.396121182152846e-5,1.8498932915000932e-5,1.0861861662236062e-6,3.172204471086064e-6,0.249991705291352,4.795597040751708,357.7200193001434
"+step_size,1e-4,10",+step_size,1e-4,10,nug08-3rd,TERMINATION_REASON_OPTIMAL,1960,17.450193866,2128.5000404403777,214.01285894660583,213.97546554718693,8.716647350024589e-5,0.00021914348686067782,4.0251241243183244e-5,0.0,0.0,4.3828697372135565e-5,2.0125620621591622e-5,0.0,0.0,0.2500175222586578,4.796089396524405,88.32697413017573
