experiment_label,solver,tolerance,memory,instance_name,termination_reason,iteration_count,solve_time_sec,cumulative_kkt_matrix_passes,primal_objective,dual_objective,relative_optimality_gap,l2_primal_residual,l_inf_primal_residual,l2_dual_residual,l_inf_dual_residual,relative_l2_primal_residual,relative_l_inf_primal_residual,relative_l2_dual_residual,relative_l_inf_dual_residual,l_inf_primal_variable,l2_primal_variable,l_inf_dual_variable
"+primal_weight,1e-4,0",+primal_weight,1e-4,0,self,TERMINATION_REASON_OPTIMAL,73,23.326536584,389.0,0.0,2.4333675731488565e-9,2.433367567227579e-9,9.980149585073843e-5,1.3323395493339712e-5,2.839451360118861e-6,7.101903738703969e-7,9.980149585073843e-5,1.3323395493339712e-5,5.188926926284819e-7,3.5509518693519844e-7,0.000610352138837768,0.004867597449679178,8.185133289601785e-6
"+primal_weight,1e-4,1",+primal_weight,1e-4,1,self,TERMINATION_REASON_OPTIMAL,83,16.921083172,439.0000011546538,0.0,2.1373743575918647e-9,2.137374353023496e-9,9.874447935526326e-5,1.2575299621801749e-5,3.223442950279926e-6,6.840355591046101e-7,9.874447935526326e-5,1.2575299621801749e-5,5.890648508714133e-7,3.4201777955230506e-7,0.0006514256674456843,0.00492907054258828,8.652912441147523e-6
